unique_reads	filename	dataset
112222	C10/C10_novel.tab	DS1
164685	C4T/C4T_novel.tab	DS1
137956	C5/C5_novel.tab	DS1
132773	C6T/C6T_novel.tab	DS1
56146	C7/C7_novel.tab	DS1
34169	C8/C8_novel.tab	DS1
41337	C9/C9_novel.tab	DS1
9409	CI10/CI10_novel.tab	DS1
98801	CI11/CI11_novel.tab	DS1
45192	CI13/CI13_novel.tab	DS1
118085	CI15/CI15_novel.tab	DS1
105619	CI16/CI16_novel.tab	DS1
86739	CI20/CI20_novel.tab	DS1
72975	CI21/CI21_novel.tab	DS1
71826	CI22/CI22_novel.tab	DS1
44585	CI26/CI26_novel.tab	DS1
117073	CI4T/CI4T_novel.tab	DS1
48022	SC1/SC1_novel.tab	DS1
14727	SC10/SC10_novel.tab	DS1
31839	SC11/SC11_novel.tab	DS1
57043	SC12/SC12_novel.tab	DS1
27823	SC14/SC14_novel.tab	DS1
56938	SC15/SC15_novel.tab	DS1
29805	SC2/SC2_novel.tab	DS1
43098	SC3/SC3_novel.tab	DS1
50261	SC7/SC7_novel.tab	DS1
58897	SC8/SC8_novel.tab	DS1
34900	SC9/SC9_novel.tab	DS1
20032	HD_1/HD_1_novel.tab	DS3
49370	HD_10/HD_10_novel.tab	DS3
21404	HD_11/HD_11_novel.tab	DS3
25851	HD_12/HD_12_novel.tab	DS3
67265	HD_13/HD_13_novel.tab	DS3
41388	HD_13a/HD_13a_novel.tab	DS3
28325	HD_13b/HD_13b_novel.tab	DS3
43865	HD_14/HD_14_novel.tab	DS3
19086	HD_15/HD_15_novel.tab	DS3
24837	HD_16/HD_16_novel.tab	DS3
59155	HD_17/HD_17_novel.tab	DS3
30582	HD_18/HD_18_novel.tab	DS3
27593	HD_19/HD_19_novel.tab	DS3
46264	HD_2/HD_2_novel.tab	DS3
31327	HD_20/HD_20_novel.tab	DS3
1737	HD_21/HD_21_novel.tab	DS3
36040	HD_22/HD_22_novel.tab	DS3
29072	HD_23/HD_23_novel.tab	DS3
23376	HD_24/HD_24_novel.tab	DS3
24053	HD_25/HD_25_novel.tab	DS3
41967	HD_26/HD_26_novel.tab	DS3
66891	HD_27/HD_27_novel.tab	DS3
99868	HD_28/HD_28_novel.tab	DS3
29502	HD_28a/HD_28a_novel.tab	DS3
39271	HD_28b/HD_28b_novel.tab	DS3
34452	HD_28c/HD_28c_novel.tab	DS3
31974	HD_29/HD_29_novel.tab	DS3
22606	HD_3/HD_3_novel.tab	DS3
29768	HD_30/HD_30_novel.tab	DS3
27812	HD_31/HD_31_novel.tab	DS3
79789	HD_32/HD_32_novel.tab	DS3
24636	HD_33/HD_33_novel.tab	DS3
17366	HD_34/HD_34_novel.tab	DS3
46918	HD_35/HD_35_novel.tab	DS3
37100	HD_36/HD_36_novel.tab	DS3
20843	HD_37/HD_37_novel.tab	DS3
28366	HD_38/HD_38_novel.tab	DS3
25546	HD_39/HD_39_novel.tab	DS3
41062	HD_4/HD_4_novel.tab	DS3
51694	HD_40/HD_40_novel.tab	DS3
15841	HD_41/HD_41_novel.tab	DS3
49676	HD_42/HD_42_novel.tab	DS3
21377	HD_43/HD_43_novel.tab	DS3
34155	HD_44/HD_44_novel.tab	DS3
23389	HD_45/HD_45_novel.tab	DS3
38503	HD_46/HD_46_novel.tab	DS3
27726	HD_47/HD_47_novel.tab	DS3
30012	HD_48/HD_48_novel.tab	DS3
48416	HD_49/HD_49_novel.tab	DS3
40788	HD_5/HD_5_novel.tab	DS3
24804	HD_50/HD_50_novel.tab	DS3
34706	HD_51/HD_51_novel.tab	DS3
9126	HD_51a/HD_51a_novel.tab	DS3
26551	HD_51b/HD_51b_novel.tab	DS3
35611	HD_52/HD_52_novel.tab	DS3
46860	HD_53/HD_53_novel.tab	DS3
23925	HD_54/HD_54_novel.tab	DS3
33052	HD_55/HD_55_novel.tab	DS3
35872	HD_56/HD_56_novel.tab	DS3
33355	HD_57/HD_57_novel.tab	DS3
25045	HD_58/HD_58_novel.tab	DS3
22860	HD_59/HD_59_novel.tab	DS3
30386	HD_6/HD_6_novel.tab	DS3
48818	HD_60/HD_60_novel.tab	DS3
34682	HD_61/HD_61_novel.tab	DS3
40334	HD_62/HD_62_novel.tab	DS3
24933	HD_63/HD_63_novel.tab	DS3
17271	HD_64/HD_64_novel.tab	DS3
20323	HD_65/HD_65_novel.tab	DS3
41997	HD_66/HD_66_novel.tab	DS3
21014	HD_67/HD_67_novel.tab	DS3
20918	HD_68/HD_68_novel.tab	DS3
12050	HD_69/HD_69_novel.tab	DS3
26540	HD_7/HD_7_novel.tab	DS3
27379	HD_70/HD_70_novel.tab	DS3
11093	HD_71/HD_71_novel.tab	DS3
16031	HD_72/HD_72_novel.tab	DS3
17753	HD_73/HD_73_novel.tab	DS3
16486	HD_74/HD_74_novel.tab	DS3
15697	HD_75/HD_75_novel.tab	DS3
29921	HD_76/HD_76_novel.tab	DS3
17111	HD_77/HD_77_novel.tab	DS3
13800	HD_78/HD_78_novel.tab	DS3
11572	HD_79/HD_79_novel.tab	DS3
29805	HD_8/HD_8_novel.tab	DS3
17361	HD_80/HD_80_novel.tab	DS3
23814	HD_81/HD_81_novel.tab	DS3
11173	HD_82/HD_82_novel.tab	DS3
13862	HD_83/HD_83_novel.tab	DS3
12066	HD_84/HD_84_novel.tab	DS3
9677	HD_85/HD_85_novel.tab	DS3
10330	HD_86/HD_86_novel.tab	DS3
20644	HD_87/HD_87_novel.tab	DS3
12933	HD_88/HD_88_novel.tab	DS3
12902	HD_89/HD_89_novel.tab	DS3
44052	HD_9/HD_9_novel.tab	DS3
16041	HD_90/HD_90_novel.tab	DS3
32620	HD_91/HD_91_novel.tab	DS3
16753	HD_92/HD_92_novel.tab	DS3
10396	HD_93/HD_93_novel.tab	DS3
10687	HD_94/HD_94_novel.tab	DS3
21383	HD_95/HD_95_novel.tab	DS3
61337	hemC_1/hemC_1_novel.tab	DS3
8708	hemC_10/hemC_10_novel.tab	DS3
40384	hemC_11/hemC_11_novel.tab	DS3
9012	hemC_12/hemC_12_novel.tab	DS3
7998	hemC_13/hemC_13_novel.tab	DS3
14292	hemC_14/hemC_14_novel.tab	DS3
22014	hemC_15/hemC_15_novel.tab	DS3
45474	hemC_16/hemC_16_novel.tab	DS3
22975	hemC_16a/hemC_16a_novel.tab	DS3
23089	hemC_16b/hemC_16b_novel.tab	DS3
38689	hemC_17/hemC_17_novel.tab	DS3
13040	hemC_18/hemC_18_novel.tab	DS3
16935	hemC_19/hemC_19_novel.tab	DS3
55888	hemC_2/hemC_2_novel.tab	DS3
15574	hemC_20/hemC_20_novel.tab	DS3
4734	hemC_21/hemC_21_novel.tab	DS3
23414	hemC_22/hemC_22_novel.tab	DS3
33467	hemC_23/hemC_23_novel.tab	DS3
8475	hemC_24/hemC_24_novel.tab	DS3
19207	hemC_25/hemC_25_novel.tab	DS3
47583	hemC_26/hemC_26_novel.tab	DS3
23936	hemC_26a/hemC_26a_novel.tab	DS3
24408	hemC_26b/hemC_26b_novel.tab	DS3
21199	hemC_27/hemC_27_novel.tab	DS3
10018	hemC_27a/hemC_27a_novel.tab	DS3
11768	hemC_27b/hemC_27b_novel.tab	DS3
18316	hemC_28/hemC_28_novel.tab	DS3
17935	hemC_29/hemC_29_novel.tab	DS3
34053	hemC_3/hemC_3_novel.tab	DS3
6666	hemC_30/hemC_30_novel.tab	DS3
19638	hemC_31/hemC_31_novel.tab	DS3
12016	hemC_32/hemC_32_novel.tab	DS3
16144	hemC_33/hemC_33_novel.tab	DS3
8750	hemC_33a/hemC_33a_novel.tab	DS3
7537	hemC_33b/hemC_33b_novel.tab	DS3
22879	hemC_34/hemC_34_novel.tab	DS3
27530	hemC_35/hemC_35_novel.tab	DS3
22584	hemC_35a/hemC_35a_novel.tab	DS3
5862	hemC_35b/hemC_35b_novel.tab	DS3
39885	hemC_36/hemC_36_novel.tab	DS3
12788	hemC_36a/hemC_36a_novel.tab	DS3
11712	hemC_36b/hemC_36b_novel.tab	DS3
9095	hemC_36c/hemC_36c_novel.tab	DS3
12761	hemC_36d/hemC_36d_novel.tab	DS3
2614	hemC_37/hemC_37_novel.tab	DS3
21662	hemC_38/hemC_38_novel.tab	DS3
38795	hemC_39/hemC_39_novel.tab	DS3
18073	hemC_39a/hemC_39a_novel.tab	DS3
22335	hemC_39b/hemC_39b_novel.tab	DS3
14941	hemC_4/hemC_4_novel.tab	DS3
9984	hemC_40/hemC_40_novel.tab	DS3
19620	hemC_41/hemC_41_novel.tab	DS3
19123	hemC_42/hemC_42_novel.tab	DS3
6902	hemC_42a/hemC_42a_novel.tab	DS3
12836	hemC_42b/hemC_42b_novel.tab	DS3
43614	hemC_43/hemC_43_novel.tab	DS3
15277	hemC_43a/hemC_43a_novel.tab	DS3
28653	hemC_43b/hemC_43b_novel.tab	DS3
18081	hemC_44/hemC_44_novel.tab	DS3
12111	hemC_44a/hemC_44a_novel.tab	DS3
6158	hemC_44b/hemC_44b_novel.tab	DS3
6992	hemC_45/hemC_45_novel.tab	DS3
25849	hemC_46/hemC_46_novel.tab	DS3
21345	hemC_47/hemC_47_novel.tab	DS3
12207	hemC_48/hemC_48_novel.tab	DS3
3862	hemC_49/hemC_49_novel.tab	DS3
68103	hemC_5/hemC_5_novel.tab	DS3
12362	hemC_50/hemC_50_novel.tab	DS3
26556	hemC_51/hemC_51_novel.tab	DS3
35392	hemC_52/hemC_52_novel.tab	DS3
15998	hemC_53/hemC_53_novel.tab	DS3
13053	hemC_54/hemC_54_novel.tab	DS3
19955	hemC_55/hemC_55_novel.tab	DS3
19988	hemC_56/hemC_56_novel.tab	DS3
16941	hemC_57/hemC_57_novel.tab	DS3
25936	hemC_58/hemC_58_novel.tab	DS3
15230	hemC_59/hemC_59_novel.tab	DS3
27796	hemC_6/hemC_6_novel.tab	DS3
4342	hemC_60/hemC_60_novel.tab	DS3
5714	hemC_61/hemC_61_novel.tab	DS3
5280	hemC_62/hemC_62_novel.tab	DS3
19041	hemC_63/hemC_63_novel.tab	DS3
6935	hemC_64/hemC_64_novel.tab	DS3
6284	hemC_65/hemC_65_novel.tab	DS3
13189	hemC_66/hemC_66_novel.tab	DS3
25004	hemC_67/hemC_67_novel.tab	DS3
10621	hemC_68/hemC_68_novel.tab	DS3
15237	hemC_69/hemC_69_novel.tab	DS3
24761	hemC_7/hemC_7_novel.tab	DS3
6342	hemC_70/hemC_70_novel.tab	DS3
11132	hemC_71/hemC_71_novel.tab	DS3
29857	hemC_72/hemC_72_novel.tab	DS3
7420	hemC_73/hemC_73_novel.tab	DS3
5587	hemC_74/hemC_74_novel.tab	DS3
11773	hemC_75/hemC_75_novel.tab	DS3
12223	hemC_76/hemC_76_novel.tab	DS3
18295	hemC_77/hemC_77_novel.tab	DS3
3671	hemC_78/hemC_78_novel.tab	DS3
4348	hemC_79/hemC_79_novel.tab	DS3
41687	hemC_8/hemC_8_novel.tab	DS3
17681	hemC_80/hemC_80_novel.tab	DS3
7697	hemC_81/hemC_81_novel.tab	DS3
5252	hemC_82/hemC_82_novel.tab	DS3
19000	hemC_83/hemC_83_novel.tab	DS3
15412	hemC_84/hemC_84_novel.tab	DS3
11980	hemC_85/hemC_85_novel.tab	DS3
8610	hemC_86/hemC_86_novel.tab	DS3
15359	hemC_87/hemC_87_novel.tab	DS3
12801	hemC_88/hemC_88_novel.tab	DS3
17866	hemC_89/hemC_89_novel.tab	DS3
30371	hemC_9/hemC_9_novel.tab	DS3
9308	hemC_90/hemC_90_novel.tab	DS3
8790	hemC_91/hemC_91_novel.tab	DS3
17050	hemC_92/hemC_92_novel.tab	DS3
57091	hemC_93/hemC_93_novel.tab	DS3
34458	hemC_93a/hemC_93a_novel.tab	DS3
22796	hemC_93b/hemC_93b_novel.tab	DS3
38529	hemC_94/hemC_94_novel.tab	DS3
17428	hemC_94a/hemC_94a_novel.tab	DS3
22419	hemC_94b/hemC_94b_novel.tab	DS3
12402	solC_1/solC_1_novel.tab	DS3
38867	solC_10/solC_10_novel.tab	DS3
18722	solC_100/solC_100_novel.tab	DS3
6750	solC_101/solC_101_novel.tab	DS3
4785	solC_102/solC_102_novel.tab	DS3
5954	solC_103/solC_103_novel.tab	DS3
24617	solC_104/solC_104_novel.tab	DS3
19893	solC_105/solC_105_novel.tab	DS3
7495	solC_106/solC_106_novel.tab	DS3
16173	solC_107/solC_107_novel.tab	DS3
5837	solC_108/solC_108_novel.tab	DS3
2769	solC_109/solC_109_novel.tab	DS3
15352	solC_10a/solC_10a_novel.tab	DS3
24316	solC_10b/solC_10b_novel.tab	DS3
14791	solC_11/solC_11_novel.tab	DS3
5774	solC_110/solC_110_novel.tab	DS3
5432	solC_110a/solC_110a_novel.tab	DS3
449	solC_110b/solC_110b_novel.tab	DS3
12185	solC_111/solC_111_novel.tab	DS3
1878	solC_111a/solC_111a_novel.tab	DS3
10424	solC_111b/solC_111b_novel.tab	DS3
14900	solC_112/solC_112_novel.tab	DS3
4134	solC_113/solC_113_novel.tab	DS3
1137	solC_114/solC_114_novel.tab	DS3
519	solC_115/solC_115_novel.tab	DS3
7439	solC_116/solC_116_novel.tab	DS3
3579	solC_117/solC_117_novel.tab	DS3
11491	solC_118/solC_118_novel.tab	DS3
7794	solC_119/solC_119_novel.tab	DS3
13124	solC_12/solC_12_novel.tab	DS3
7668	solC_120/solC_120_novel.tab	DS3
10706	solC_121/solC_121_novel.tab	DS3
8257	solC_122/solC_122_novel.tab	DS3
11516	solC_123/solC_123_novel.tab	DS3
13014	solC_124/solC_124_novel.tab	DS3
6707	solC_124a/solC_124a_novel.tab	DS3
7055	solC_124b/solC_124b_novel.tab	DS3
13295	solC_13/solC_13_novel.tab	DS3
2412	solC_13a/solC_13a_novel.tab	DS3
11086	solC_13b/solC_13b_novel.tab	DS3
16129	solC_14/solC_14_novel.tab	DS3
7669	solC_14a/solC_14a_novel.tab	DS3
8737	solC_14b/solC_14b_novel.tab	DS3
9206	solC_15/solC_15_novel.tab	DS3
32613	solC_16/solC_16_novel.tab	DS3
30667	solC_17/solC_17_novel.tab	DS3
2445	solC_18/solC_18_novel.tab	DS3
2788	solC_19/solC_19_novel.tab	DS3
10959	solC_2/solC_2_novel.tab	DS3
16272	solC_20/solC_20_novel.tab	DS3
3817	solC_21/solC_21_novel.tab	DS3
26171	solC_22/solC_22_novel.tab	DS3
7501	solC_23/solC_23_novel.tab	DS3
3441	solC_24/solC_24_novel.tab	DS3
7004	solC_25/solC_25_novel.tab	DS3
646	solC_26/solC_26_novel.tab	DS3
14133	solC_27/solC_27_novel.tab	DS3
817	solC_28/solC_28_novel.tab	DS3
17557	solC_29/solC_29_novel.tab	DS3
13214	solC_3/solC_3_novel.tab	DS3
8789	solC_30/solC_30_novel.tab	DS3
23555	solC_31/solC_31_novel.tab	DS3
6767	solC_31a/solC_31a_novel.tab	DS3
17294	solC_31b/solC_31b_novel.tab	DS3
26483	solC_32/solC_32_novel.tab	DS3
18317	solC_33/solC_33_novel.tab	DS3
24915	solC_34/solC_34_novel.tab	DS3
2460	solC_35/solC_35_novel.tab	DS3
4665	solC_36/solC_36_novel.tab	DS3
13116	solC_37/solC_37_novel.tab	DS3
7572	solC_37a/solC_37a_novel.tab	DS3
6079	solC_37b/solC_37b_novel.tab	DS3
10623	solC_38/solC_38_novel.tab	DS3
14529	solC_39/solC_39_novel.tab	DS3
54546	solC_4/solC_4_novel.tab	DS3
5999	solC_40/solC_40_novel.tab	DS3
6217	solC_41/solC_41_novel.tab	DS3
9412	solC_42/solC_42_novel.tab	DS3
18176	solC_43/solC_43_novel.tab	DS3
21442	solC_44/solC_44_novel.tab	DS3
12737	solC_44a/solC_44a_novel.tab	DS3
8827	solC_44b/solC_44b_novel.tab	DS3
7137	solC_45/solC_45_novel.tab	DS3
6616	solC_46/solC_46_novel.tab	DS3
14589	solC_47/solC_47_novel.tab	DS3
6011	solC_48/solC_48_novel.tab	DS3
18252	solC_49/solC_49_novel.tab	DS3
6954	solC_5/solC_5_novel.tab	DS3
716	solC_50/solC_50_novel.tab	DS3
10487	solC_51/solC_51_novel.tab	DS3
10452	solC_52/solC_52_novel.tab	DS3
1446	solC_53/solC_53_novel.tab	DS3
22483	solC_54/solC_54_novel.tab	DS3
27139	solC_55/solC_55_novel.tab	DS3
4746	solC_56/solC_56_novel.tab	DS3
12094	solC_57/solC_57_novel.tab	DS3
4994	solC_58/solC_58_novel.tab	DS3
38850	solC_59/solC_59_novel.tab	DS3
14988	solC_59a/solC_59a_novel.tab	DS3
23936	solC_59b/solC_59b_novel.tab	DS3
20105	solC_6/solC_6_novel.tab	DS3
21191	solC_60/solC_60_novel.tab	DS3
24255	solC_61/solC_61_novel.tab	DS3
25208	solC_62/solC_62_novel.tab	DS3
7942	solC_63/solC_63_novel.tab	DS3
11866	solC_64/solC_64_novel.tab	DS3
6521	solC_64a/solC_64a_novel.tab	DS3
5746	solC_64b/solC_64b_novel.tab	DS3
30195	solC_65/solC_65_novel.tab	DS3
9430	solC_66/solC_66_novel.tab	DS3
15634	solC_67/solC_67_novel.tab	DS3
21302	solC_68/solC_68_novel.tab	DS3
24103	solC_69/solC_69_novel.tab	DS3
9047	solC_7/solC_7_novel.tab	DS3
4021	solC_70/solC_70_novel.tab	DS3
10361	solC_71/solC_71_novel.tab	DS3
11037	solC_72/solC_72_novel.tab	DS3
7117	solC_72a/solC_72a_novel.tab	DS3
4133	solC_72b/solC_72b_novel.tab	DS3
8350	solC_73/solC_73_novel.tab	DS3
9734	solC_74/solC_74_novel.tab	DS3
4761	solC_74a/solC_74a_novel.tab	DS3
5297	solC_74b/solC_74b_novel.tab	DS3
11540	solC_75/solC_75_novel.tab	DS3
20840	solC_76/solC_76_novel.tab	DS3
5241	solC_77/solC_77_novel.tab	DS3
5697	solC_78/solC_78_novel.tab	DS3
9237	solC_79/solC_79_novel.tab	DS3
3554	solC_79a/solC_79a_novel.tab	DS3
5861	solC_79b/solC_79b_novel.tab	DS3
37856	solC_8/solC_8_novel.tab	DS3
27229	solC_80/solC_80_novel.tab	DS3
40407	solC_81/solC_81_novel.tab	DS3
4995	solC_82/solC_82_novel.tab	DS3
5377	solC_83/solC_83_novel.tab	DS3
31562	solC_84/solC_84_novel.tab	DS3
6375	solC_85/solC_85_novel.tab	DS3
6400	solC_86/solC_86_novel.tab	DS3
2969	solC_87/solC_87_novel.tab	DS3
19954	solC_88/solC_88_novel.tab	DS3
18406	solC_88a/solC_88a_novel.tab	DS3
1739	solC_88b/solC_88b_novel.tab	DS3
8574	solC_89/solC_89_novel.tab	DS3
21345	solC_9/solC_9_novel.tab	DS3
865	solC_90/solC_90_novel.tab	DS3
17061	solC_91/solC_91_novel.tab	DS3
21783	solC_92/solC_92_novel.tab	DS3
957	solC_93/solC_93_novel.tab	DS3
9076	solC_94/solC_94_novel.tab	DS3
9922	solC_95/solC_95_novel.tab	DS3
6573	solC_96/solC_96_novel.tab	DS3
2513	solC_96a/solC_96a_novel.tab	DS3
4200	solC_96b/solC_96b_novel.tab	DS3
905	solC_97/solC_97_novel.tab	DS3
243	solC_98/solC_98_novel.tab	DS3
22494	solC_99/solC_99_novel.tab	DS3
15176	solC_9a/solC_9a_novel.tab	DS3
6445	solC_9b/solC_9b_novel.tab	DS3
128888	HIP00110/HIP00110_novel.tab	DS4
115223	HIP00169/HIP00169_novel.tab	DS4
197232	HIP00594/HIP00594_novel.tab	DS4
245283	HIP00602/HIP00602_novel.tab	DS4
126725	HIP00614/HIP00614_novel.tab	DS4
250356	HIP00640/HIP00640_novel.tab	DS4
208799	HIP00707/HIP00707_novel.tab	DS4
88921	HIP00710/HIP00710_novel.tab	DS4
365876	HIP00715/HIP00715_novel.tab	DS4
116033	HIP00728/HIP00728_novel.tab	DS4
125973	HIP00734/HIP00734_novel.tab	DS4
181639	HIP00761/HIP00761_novel.tab	DS4
235480	HIP00769/HIP00769_novel.tab	DS4
396328	HIP00771/HIP00771_novel.tab	DS4
377626	HIP00773/HIP00773_novel.tab	DS4
294224	HIP00775/HIP00775_novel.tab	DS4
324030	HIP00777/HIP00777_novel.tab	DS4
162728	HIP00779/HIP00779_novel.tab	DS4
384584	HIP00805/HIP00805_novel.tab	DS4
117883	HIP00813/HIP00813_novel.tab	DS4
184127	HIP00819/HIP00819_novel.tab	DS4
167402	HIP00822/HIP00822_novel.tab	DS4
397189	HIP00825/HIP00825_novel.tab	DS4
210637	HIP00826/HIP00826_novel.tab	DS4
264418	HIP00832/HIP00832_novel.tab	DS4
392693	HIP00838/HIP00838_novel.tab	DS4
381708	HIP00851/HIP00851_novel.tab	DS4
363045	HIP00869/HIP00869_novel.tab	DS4
330473	HIP00898/HIP00898_novel.tab	DS4
227828	HIP00904/HIP00904_novel.tab	DS4
216558	HIP00924/HIP00924_novel.tab	DS4
399183	HIP00926/HIP00926_novel.tab	DS4
279768	HIP00934/HIP00934_novel.tab	DS4
145259	HIP00951/HIP00951_novel.tab	DS4
399931	HIP00971/HIP00971_novel.tab	DS4
308643	HIP00985/HIP00985_novel.tab	DS4
325949	HIP00997/HIP00997_novel.tab	DS4
349958	HIP00999/HIP00999_novel.tab	DS4
306144	HIP01004/HIP01004_novel.tab	DS4
246491	HIP01022/HIP01022_novel.tab	DS4
72791	HIP01055/HIP01055_novel.tab	DS4
241466	HIP01091/HIP01091_novel.tab	DS4
222817	HIP01129/HIP01129_novel.tab	DS4
297235	HIP01140/HIP01140_novel.tab	DS4
174208	HIP01160/HIP01160_novel.tab	DS4
149685	HIP01161/HIP01161_novel.tab	DS4
248284	HIP01162/HIP01162_novel.tab	DS4
238758	HIP01180/HIP01180_novel.tab	DS4
100896	HIP01181/HIP01181_novel.tab	DS4
310617	HIP01197/HIP01197_novel.tab	DS4
115742	HIP01206/HIP01206_novel.tab	DS4
211998	HIP01218/HIP01218_novel.tab	DS4
238983	HIP01219/HIP01219_novel.tab	DS4
224590	HIP01220/HIP01220_novel.tab	DS4
322665	HIP01223/HIP01223_novel.tab	DS4
189868	HIP01232/HIP01232_novel.tab	DS4
203454	HIP01253/HIP01253_novel.tab	DS4
406632	HIP01255/HIP01255_novel.tab	DS4
314865	HIP01264/HIP01264_novel.tab	DS4
337184	HIP01266/HIP01266_novel.tab	DS4
274543	HIP01298/HIP01298_novel.tab	DS4
246289	HIP01313/HIP01313_novel.tab	DS4
165765	HIP01359/HIP01359_novel.tab	DS4
139123	HIP01384/HIP01384_novel.tab	DS4
199743	HIP01391/HIP01391_novel.tab	DS4
210304	HIP01392/HIP01392_novel.tab	DS4
314832	HIP01393/HIP01393_novel.tab	DS4
211354	HIP01465/HIP01465_novel.tab	DS4
251792	HIP01470/HIP01470_novel.tab	DS4
108748	HIP01499/HIP01499_novel.tab	DS4
49277	HIP01501/HIP01501_novel.tab	DS4
177030	HIP01571/HIP01571_novel.tab	DS4
128948	HIP01582/HIP01582_novel.tab	DS4
219699	HIP01596/HIP01596_novel.tab	DS4
251829	HIP01597/HIP01597_novel.tab	DS4
71967	HIP01765/HIP01765_novel.tab	DS4
195590	HIP01795/HIP01795_novel.tab	DS4
214194	HIP01797/HIP01797_novel.tab	DS4
266998	HIP01798/HIP01798_novel.tab	DS4
355600	HIP01805/HIP01805_novel.tab	DS4
251815	HIP01820/HIP01820_novel.tab	DS4
227216	HIP01850/HIP01850_novel.tab	DS4
157255	HIP01856/HIP01856_novel.tab	DS4
60672	HIP01865/HIP01865_novel.tab	DS4
282057	HIP01867/HIP01867_novel.tab	DS4
196651	HIP01870/HIP01870_novel.tab	DS4
252662	HIP01947/HIP01947_novel.tab	DS4
342213	HIP02024/HIP02024_novel.tab	DS4
228037	HIP02078/HIP02078_novel.tab	DS4
265563	HIP02090/HIP02090_novel.tab	DS4
379485	HIP02103/HIP02103_novel.tab	DS4
544337	HIP02112/HIP02112_novel.tab	DS4
349673	HIP02126/HIP02126_novel.tab	DS4
258372	HIP02271/HIP02271_novel.tab	DS4
176207	HIP02663/HIP02663_novel.tab	DS4
106726	HIP02734/HIP02734_novel.tab	DS4
360035	HIP02737/HIP02737_novel.tab	DS4
122817	HIP02742/HIP02742_novel.tab	DS4
179669	HIP02780/HIP02780_novel.tab	DS4
129751	HIP02790/HIP02790_novel.tab	DS4
283955	HIP02805/HIP02805_novel.tab	DS4
277362	HIP02811/HIP02811_novel.tab	DS4
398585	HIP02820/HIP02820_novel.tab	DS4
52452	HIP02848/HIP02848_novel.tab	DS4
570529	HIP02855/HIP02855_novel.tab	DS4
248569	HIP02873/HIP02873_novel.tab	DS4
269035	HIP02875/HIP02875_novel.tab	DS4
76269	HIP02877/HIP02877_novel.tab	DS4
326901	HIP02928/HIP02928_novel.tab	DS4
186757	HIP02931/HIP02931_novel.tab	DS4
421424	HIP02947/HIP02947_novel.tab	DS4
252093	HIP02962/HIP02962_novel.tab	DS4
160652	HIP02997/HIP02997_novel.tab	DS4
309169	HIP03004/HIP03004_novel.tab	DS4
250317	HIP03099/HIP03099_novel.tab	DS4
74750	HIP03107/HIP03107_novel.tab	DS4
214333	HIP03111/HIP03111_novel.tab	DS4
279294	HIP03125/HIP03125_novel.tab	DS4
47929	HIP03184/HIP03184_novel.tab	DS4
142228	HIP03194/HIP03194_novel.tab	DS4
227027	HIP03197/HIP03197_novel.tab	DS4
145392	HIP03216/HIP03216_novel.tab	DS4
375997	HIP03228/HIP03228_novel.tab	DS4
283585	HIP03233/HIP03233_novel.tab	DS4
381267	HIP03236/HIP03236_novel.tab	DS4
267244	HIP03275/HIP03275_novel.tab	DS4
382031	HIP03370/HIP03370_novel.tab	DS4
246237	HIP03378/HIP03378_novel.tab	DS4
189083	HIP03381/HIP03381_novel.tab	DS4
161074	HIP03383/HIP03383_novel.tab	DS4
163889	HIP03385/HIP03385_novel.tab	DS4
149567	HIP03484/HIP03484_novel.tab	DS4
280412	HIP03494/HIP03494_novel.tab	DS4
269757	HIP03495/HIP03495_novel.tab	DS4
375860	HIP03502/HIP03502_novel.tab	DS4
147960	HIP03505/HIP03505_novel.tab	DS4
249310	HIP03511/HIP03511_novel.tab	DS4
95621	HIP03591/HIP03591_novel.tab	DS4
380997	HIP03592/HIP03592_novel.tab	DS4
309114	HIP03597/HIP03597_novel.tab	DS4
215156	HIP03618/HIP03618_novel.tab	DS4
200973	HIP03628/HIP03628_novel.tab	DS4
212321	HIP03630/HIP03630_novel.tab	DS4
289891	HIP03651/HIP03651_novel.tab	DS4
380587	HIP03677/HIP03677_novel.tab	DS4
140183	HIP03678/HIP03678_novel.tab	DS4
97705	HIP03685/HIP03685_novel.tab	DS4
367349	HIP03693/HIP03693_novel.tab	DS4
159887	HIP03695/HIP03695_novel.tab	DS4
180081	HIP03720/HIP03720_novel.tab	DS4
209764	HIP03732/HIP03732_novel.tab	DS4
296371	HIP03746/HIP03746_novel.tab	DS4
219012	HIP03807/HIP03807_novel.tab	DS4
333058	HIP03812/HIP03812_novel.tab	DS4
428591	HIP03814/HIP03814_novel.tab	DS4
120291	HIP04455/HIP04455_novel.tab	DS4
182592	HIP04464/HIP04464_novel.tab	DS4
228340	HIP04471/HIP04471_novel.tab	DS4
355180	HIP04475/HIP04475_novel.tab	DS4
229350	HIP04480/HIP04480_novel.tab	DS4
325099	HIP04498/HIP04498_novel.tab	DS4
185051	HIP04509/HIP04509_novel.tab	DS4
137624	HIP04510/HIP04510_novel.tab	DS4
163353	HIP04511/HIP04511_novel.tab	DS4
178574	HIP04527/HIP04527_novel.tab	DS4
361588	HIP04532/HIP04532_novel.tab	DS4
207075	HIP04545/HIP04545_novel.tab	DS4
352302	HIP04552/HIP04552_novel.tab	DS4
434241	HIP04555/HIP04555_novel.tab	DS4
271260	HIP04576/HIP04576_novel.tab	DS4
315911	HIP04578/HIP04578_novel.tab	DS4
264806	HIP04597/HIP04597_novel.tab	DS4
299111	HIP04605/HIP04605_novel.tab	DS4
314722	HIP04611/HIP04611_novel.tab	DS4
325975	HIP04634/HIP04634_novel.tab	DS4
32481	HIP04958/HIP04958_novel.tab	DS4
128608	HIP05311/HIP05311_novel.tab	DS4
155910	HIP05331/HIP05331_novel.tab	DS4
211448	HIP05377/HIP05377_novel.tab	DS4
279389	HIP05388/HIP05388_novel.tab	DS4
340524	HIP05390/HIP05390_novel.tab	DS4
258452	HIP05398/HIP05398_novel.tab	DS4
313486	HIP05405/HIP05405_novel.tab	DS4
360877	HIP05409/HIP05409_novel.tab	DS4
233965	HIP05434/HIP05434_novel.tab	DS4
325977	HIP05437/HIP05437_novel.tab	DS4
388901	HIP05444/HIP05444_novel.tab	DS4
171794	HIP05455/HIP05455_novel.tab	DS4
111133	HIP05460/HIP05460_novel.tab	DS4
68452	HIP05467/HIP05467_novel.tab	DS4
87932	HIP05524/HIP05524_novel.tab	DS4
304413	HIP05533/HIP05533_novel.tab	DS4
291730	HIP05535/HIP05535_novel.tab	DS4
246266	HIP05540/HIP05540_novel.tab	DS4
189802	HIP05551/HIP05551_novel.tab	DS4
305141	HIP05552/HIP05552_novel.tab	DS4
342552	HIP05559/HIP05559_novel.tab	DS4
193377	HIP05561/HIP05561_novel.tab	DS4
150380	HIP05563/HIP05563_novel.tab	DS4
299061	HIP05574/HIP05574_novel.tab	DS4
303784	HIP05578/HIP05578_novel.tab	DS4
78880	HIP05590/HIP05590_novel.tab	DS4
98207	HIP05595/HIP05595_novel.tab	DS4
126432	HIP05665/HIP05665_novel.tab	DS4
108354	HIP05757/HIP05757_novel.tab	DS4
1448	HIP05763/HIP05763_novel.tab	DS4
178515	HIP05815/HIP05815_novel.tab	DS4
259021	HIP05817/HIP05817_novel.tab	DS4
133296	HIP05832/HIP05832_novel.tab	DS4
325985	HIP05838/HIP05838_novel.tab	DS4
304153	HIP05841/HIP05841_novel.tab	DS4
88407	HIP05934/HIP05934_novel.tab	DS4
265420	HIP05941/HIP05941_novel.tab	DS4
329892	HIP05942/HIP05942_novel.tab	DS4
138775	HIP05948/HIP05948_novel.tab	DS4
311918	HIP05960/HIP05960_novel.tab	DS4
224607	HIP06191/HIP06191_novel.tab	DS4
437571	HIP07754/HIP07754_novel.tab	DS4
368538	HIP08076/HIP08076_novel.tab	DS4
176657	HIP08200/HIP08200_novel.tab	DS4
215236	HIP08223/HIP08223_novel.tab	DS4
219674	HIP08230/HIP08230_novel.tab	DS4
430636	HIP08236/HIP08236_novel.tab	DS4
240313	HIP08305/HIP08305_novel.tab	DS4
159874	HIP08337/HIP08337_novel.tab	DS4
240123	HIP08339/HIP08339_novel.tab	DS4
289118	HIP08345/HIP08345_novel.tab	DS4
395948	HIP08346/HIP08346_novel.tab	DS4
406716	HIP08389/HIP08389_novel.tab	DS4
291187	HIP08399/HIP08399_novel.tab	DS4
260182	HIP08400/HIP08400_novel.tab	DS4
459611	HIP08439/HIP08439_novel.tab	DS4
412576	HIP08499/HIP08499_novel.tab	DS4
294602	HIP08507/HIP08507_novel.tab	DS4
382513	HIP08521/HIP08521_novel.tab	DS4
113101	HIP08596/HIP08596_novel.tab	DS4
369443	HIP08598/HIP08598_novel.tab	DS4
315027	HIP08653/HIP08653_novel.tab	DS4
256373	HIP08702/HIP08702_novel.tab	DS4
191099	HIP08710/HIP08710_novel.tab	DS4
277999	HIP08711/HIP08711_novel.tab	DS4
207858	HIP08725/HIP08725_novel.tab	DS4
309341	HIP08792/HIP08792_novel.tab	DS4
526150	HIP08805/HIP08805_novel.tab	DS4
231559	HIP08816/HIP08816_novel.tab	DS4
112114	HIP08821/HIP08821_novel.tab	DS4
160161	HIP08827/HIP08827_novel.tab	DS4
347005	HIP08888/HIP08888_novel.tab	DS4
220993	HIP08890/HIP08890_novel.tab	DS4
197155	HIP08972/HIP08972_novel.tab	DS4
365710	HIP08977/HIP08977_novel.tab	DS4
252865	HIP08986/HIP08986_novel.tab	DS4
393322	HIP08989/HIP08989_novel.tab	DS4
410406	HIP09001/HIP09001_novel.tab	DS4
190969	HIP09020/HIP09020_novel.tab	DS4
286888	HIP09022/HIP09022_novel.tab	DS4
246841	HIP09026/HIP09026_novel.tab	DS4
386815	HIP09029/HIP09029_novel.tab	DS4
137347	HIP09041/HIP09041_novel.tab	DS4
270782	HIP09046/HIP09046_novel.tab	DS4
199669	HIP09051/HIP09051_novel.tab	DS4
363483	HIP09062/HIP09062_novel.tab	DS4
147051	HIP09097/HIP09097_novel.tab	DS4
353978	HIP09118/HIP09118_novel.tab	DS4
187782	HIP09119/HIP09119_novel.tab	DS4
265633	HIP09122/HIP09122_novel.tab	DS4
215674	HIP09150/HIP09150_novel.tab	DS4
127560	HIP09159/HIP09159_novel.tab	DS4
191966	HIP09190/HIP09190_novel.tab	DS4
265362	HIP09235/HIP09235_novel.tab	DS4
327099	HIP09253/HIP09253_novel.tab	DS4
245821	HIP09284/HIP09284_novel.tab	DS4
313286	HIP09344/HIP09344_novel.tab	DS4
188933	HIP09364/HIP09364_novel.tab	DS4
330981	HIP09365/HIP09365_novel.tab	DS4
77069	HIP09366/HIP09366_novel.tab	DS4
236929	HIP09430/HIP09430_novel.tab	DS4
370072	HIP09559/HIP09559_novel.tab	DS4
139727	HIP09624/HIP09624_novel.tab	DS4
112047	HIP09681/HIP09681_novel.tab	DS4
173260	HIP09775/HIP09775_novel.tab	DS4
384250	HIP09789/HIP09789_novel.tab	DS4
294613	HIP10358/HIP10358_novel.tab	DS4
134755	HIP10376/HIP10376_novel.tab	DS4
447822	HIP10377/HIP10377_novel.tab	DS4
250893	HIP10389/HIP10389_novel.tab	DS4
346100	HIP10408/HIP10408_novel.tab	DS4
81677	HIP10424/HIP10424_novel.tab	DS4
251860	HIP10443/HIP10443_novel.tab	DS4
224417	HIP10445/HIP10445_novel.tab	DS4
293167	HIP10447/HIP10447_novel.tab	DS4
327428	HIP10480/HIP10480_novel.tab	DS4
235902	HIP10507/HIP10507_novel.tab	DS4
304949	HIP10514/HIP10514_novel.tab	DS4
89919	HIP10545/HIP10545_novel.tab	DS4
266856	HIP10564/HIP10564_novel.tab	DS4
232844	HIP10568/HIP10568_novel.tab	DS4
174852	HIP10597/HIP10597_novel.tab	DS4
265820	HIP10602/HIP10602_novel.tab	DS4
255069	HIP10639/HIP10639_novel.tab	DS4
294628	HIP10669/HIP10669_novel.tab	DS4
74554	HIP10694/HIP10694_novel.tab	DS4
364360	HIP10716/HIP10716_novel.tab	DS4
219819	HIP10726/HIP10726_novel.tab	DS4
189831	HIP10730/HIP10730_novel.tab	DS4
156454	HIP10746/HIP10746_novel.tab	DS4
189143	HIP10759/HIP10759_novel.tab	DS4
172282	HIP10787/HIP10787_novel.tab	DS4
311803	HIP10814/HIP10814_novel.tab	DS4
94012	HIP10815/HIP10815_novel.tab	DS4
124816	HIP10817/HIP10817_novel.tab	DS4
265199	HIP10820/HIP10820_novel.tab	DS4
256820	HIP10821/HIP10821_novel.tab	DS4
252864	HIP10823/HIP10823_novel.tab	DS4
464217	HIP10846/HIP10846_novel.tab	DS4
343227	HIP11058/HIP11058_novel.tab	DS4
329101	HIP11513/HIP11513_novel.tab	DS4
303015	HIP11518/HIP11518_novel.tab	DS4
265518	HIP11553/HIP11553_novel.tab	DS4
290857	HIP11613/HIP11613_novel.tab	DS4
241143	HIP11649/HIP11649_novel.tab	DS4
130944	HIP11711/HIP11711_novel.tab	DS4
150714	HIP11717/HIP11717_novel.tab	DS4
302548	HIP11758/HIP11758_novel.tab	DS4
139042	HIP11774/HIP11774_novel.tab	DS4
119416	HIP11784/HIP11784_novel.tab	DS4
119807	HIP11845/HIP11845_novel.tab	DS4
266524	HIP11857/HIP11857_novel.tab	DS4
319105	HIP11937/HIP11937_novel.tab	DS4
326538	HIP11989/HIP11989_novel.tab	DS4
501913	HIP12034/HIP12034_novel.tab	DS4
362140	HIP12088/HIP12088_novel.tab	DS4
155403	HIP12091/HIP12091_novel.tab	DS4
260903	HIP12097/HIP12097_novel.tab	DS4
249750	HIP12099/HIP12099_novel.tab	DS4
228185	HIP12123/HIP12123_novel.tab	DS4
167051	HIP12129/HIP12129_novel.tab	DS4
246915	HIP12143/HIP12143_novel.tab	DS4
106253	HIP12165/HIP12165_novel.tab	DS4
215683	HIP12527/HIP12527_novel.tab	DS4
308997	HIP12533/HIP12533_novel.tab	DS4
145124	HIP12534/HIP12534_novel.tab	DS4
310591	HIP12538/HIP12538_novel.tab	DS4
236090	HIP12703/HIP12703_novel.tab	DS4
121025	HIP12743/HIP12743_novel.tab	DS4
258158	HIP12900/HIP12900_novel.tab	DS4
265418	HIP12980/HIP12980_novel.tab	DS4
414637	HIP13015/HIP13015_novel.tab	DS4
262905	HIP13122/HIP13122_novel.tab	DS4
396804	HIP13142/HIP13142_novel.tab	DS4
235309	HIP13157/HIP13157_novel.tab	DS4
206934	HIP13168/HIP13168_novel.tab	DS4
347978	HIP13176/HIP13176_novel.tab	DS4
214090	HIP13178/HIP13178_novel.tab	DS4
282556	HIP13183/HIP13183_novel.tab	DS4
281084	HIP13185/HIP13185_novel.tab	DS4
65907	HIP13193/HIP13193_novel.tab	DS4
133221	HIP13198/HIP13198_novel.tab	DS4
107702	HIP13206/HIP13206_novel.tab	DS4
191930	HIP13209/HIP13209_novel.tab	DS4
301166	HIP13214/HIP13214_novel.tab	DS4
179483	HIP13217/HIP13217_novel.tab	DS4
132216	HIP13220/HIP13220_novel.tab	DS4
133553	HIP13227/HIP13227_novel.tab	DS4
314512	HIP13228/HIP13228_novel.tab	DS4
70758	HIP13230/HIP13230_novel.tab	DS4
263802	HIP13233/HIP13233_novel.tab	DS4
231801	HIP13244/HIP13244_novel.tab	DS4
207255	HIP13245/HIP13245_novel.tab	DS4
163865	HIP13251/HIP13251_novel.tab	DS4
254802	HIP13252/HIP13252_novel.tab	DS4
217350	HIP13256/HIP13256_novel.tab	DS4
181597	HIP13263/HIP13263_novel.tab	DS4
438158	HIP13265/HIP13265_novel.tab	DS4
387451	HIP13274/HIP13274_novel.tab	DS4
217902	HIP13276/HIP13276_novel.tab	DS4
131891	HIP13284/HIP13284_novel.tab	DS4
346378	HIP13291/HIP13291_novel.tab	DS4
276946	HIP13294/HIP13294_novel.tab	DS4
137620	HIP13296/HIP13296_novel.tab	DS4
277738	HIP13303/HIP13303_novel.tab	DS4
220233	HIP13306/HIP13306_novel.tab	DS4
425182	HIP13309/HIP13309_novel.tab	DS4
222633	HIP13311/HIP13311_novel.tab	DS4
157739	HIP13318/HIP13318_novel.tab	DS4
125789	HIP13319/HIP13319_novel.tab	DS4
333961	HIP13324/HIP13324_novel.tab	DS4
411692	HIP13325/HIP13325_novel.tab	DS4
243014	HIP13350/HIP13350_novel.tab	DS4
315744	HIP13352/HIP13352_novel.tab	DS4
387798	HIP13355/HIP13355_novel.tab	DS4
221771	HIP13360/HIP13360_novel.tab	DS4
208335	HIP13361/HIP13361_novel.tab	DS4
254680	HIP13363/HIP13363_novel.tab	DS4
301576	HIP13370/HIP13370_novel.tab	DS4
406833	HIP13376/HIP13376_novel.tab	DS4
253539	HIP13383/HIP13383_novel.tab	DS4
416133	HIP13396/HIP13396_novel.tab	DS4
67217	HIP13402/HIP13402_novel.tab	DS4
194220	HIP13414/HIP13414_novel.tab	DS4
560940	HIP13427/HIP13427_novel.tab	DS4
185350	HIP13449/HIP13449_novel.tab	DS4
341917	HIP13463/HIP13463_novel.tab	DS4
67720	HIP13465/HIP13465_novel.tab	DS4
394137	HIP13473/HIP13473_novel.tab	DS4
166495	HIP13478/HIP13478_novel.tab	DS4
239629	HIP13489/HIP13489_novel.tab	DS4
213249	HIP13497/HIP13497_novel.tab	DS4
43888	HIP13505/HIP13505_novel.tab	DS4
290785	HIP13511/HIP13511_novel.tab	DS4
331848	HIP13513/HIP13513_novel.tab	DS4
158576	HIP13515/HIP13515_novel.tab	DS4
169967	HIP13518/HIP13518_novel.tab	DS4
235265	HIP13554/HIP13554_novel.tab	DS4
255873	HIP13567/HIP13567_novel.tab	DS4
279629	HIP13592/HIP13592_novel.tab	DS4
228128	HIP13610/HIP13610_novel.tab	DS4
127307	HIP13625/HIP13625_novel.tab	DS4
205241	HIP13627/HIP13627_novel.tab	DS4
539616	HIP13636/HIP13636_novel.tab	DS4
320491	HIP13654/HIP13654_novel.tab	DS4
378127	HIP13658/HIP13658_novel.tab	DS4
205001	HIP13661/HIP13661_novel.tab	DS4
330909	HIP13663/HIP13663_novel.tab	DS4
183884	HIP13667/HIP13667_novel.tab	DS4
259529	HIP13671/HIP13671_novel.tab	DS4
205557	HIP13686/HIP13686_novel.tab	DS4
117084	HIP13695/HIP13695_novel.tab	DS4
331524	HIP13699/HIP13699_novel.tab	DS4
100986	HIP13703/HIP13703_novel.tab	DS4
302074	HIP13709/HIP13709_novel.tab	DS4
343477	HIP13710/HIP13710_novel.tab	DS4
272374	HIP13720/HIP13720_novel.tab	DS4
157303	HIP13722/HIP13722_novel.tab	DS4
168548	HIP13736/HIP13736_novel.tab	DS4
373884	HIP13741/HIP13741_novel.tab	DS4
143793	HIP13746/HIP13746_novel.tab	DS4
286014	HIP13749/HIP13749_novel.tab	DS4
291823	HIP13751/HIP13751_novel.tab	DS4
7594	HIP13753/HIP13753_novel.tab	DS4
309420	HIP13754/HIP13754_novel.tab	DS4
327371	HIP13757/HIP13757_novel.tab	DS4
94272	HIP13760/HIP13760_novel.tab	DS4
332088	HIP13764/HIP13764_novel.tab	DS4
63679	HIP13766/HIP13766_novel.tab	DS4
233803	HIP13769/HIP13769_novel.tab	DS4
193722	HIP13771/HIP13771_novel.tab	DS4
187668	HIP13773/HIP13773_novel.tab	DS4
156377	HIP13774/HIP13774_novel.tab	DS4
241689	HIP13777/HIP13777_novel.tab	DS4
272998	HIP13780/HIP13780_novel.tab	DS4
90632	HIP13782/HIP13782_novel.tab	DS4
467128	HIP13786/HIP13786_novel.tab	DS4
221269	HIP13789/HIP13789_novel.tab	DS4
212249	HIP13793/HIP13793_novel.tab	DS4
217027	HIP13794/HIP13794_novel.tab	DS4
435117	HIP13796/HIP13796_novel.tab	DS4
41978	HIP13800/HIP13800_novel.tab	DS4
274942	HIP13803/HIP13803_novel.tab	DS4
156230	HIP13806/HIP13806_novel.tab	DS4
113800	HIP13809/HIP13809_novel.tab	DS4
70825	HIP13810/HIP13810_novel.tab	DS4
80044	HIP13812/HIP13812_novel.tab	DS4
155067	HIP13814/HIP13814_novel.tab	DS4
216224	HIP13818/HIP13818_novel.tab	DS4
282873	HIP13822/HIP13822_novel.tab	DS4
188204	HIP13823/HIP13823_novel.tab	DS4
147159	HIP13831/HIP13831_novel.tab	DS4
170054	HIP13833/HIP13833_novel.tab	DS4
78440	HIP13847/HIP13847_novel.tab	DS4
116225	HIP13848/HIP13848_novel.tab	DS4
196504	HIP13852/HIP13852_novel.tab	DS4
456190	HIP13853/HIP13853_novel.tab	DS4
60841	HIP13854/HIP13854_novel.tab	DS4
354093	HIP13856/HIP13856_novel.tab	DS4
89545	HIP13857/HIP13857_novel.tab	DS4
170216	HIP13859/HIP13859_novel.tab	DS4
213791	HIP13860/HIP13860_novel.tab	DS4
123234	HIP13865/HIP13865_novel.tab	DS4
159356	HIP13869/HIP13869_novel.tab	DS4
207420	HIP13871/HIP13871_novel.tab	DS4
112773	HIP13875/HIP13875_novel.tab	DS4
267553	HIP13877/HIP13877_novel.tab	DS4
232116	HIP13880/HIP13880_novel.tab	DS4
262337	HIP13887/HIP13887_novel.tab	DS4
381481	HIP13893/HIP13893_novel.tab	DS4
73771	HIP13894/HIP13894_novel.tab	DS4
160451	HIP13900/HIP13900_novel.tab	DS4
230949	HIP13902/HIP13902_novel.tab	DS4
209140	HIP13903/HIP13903_novel.tab	DS4
328097	HIP13911/HIP13911_novel.tab	DS4
136191	HIP13916/HIP13916_novel.tab	DS4
169979	HIP13919/HIP13919_novel.tab	DS4
250818	HIP13920/HIP13920_novel.tab	DS4
27876	HIP13923/HIP13923_novel.tab	DS4
465509	HIP13926/HIP13926_novel.tab	DS4
302574	HIP13928/HIP13928_novel.tab	DS4
282040	HIP13929/HIP13929_novel.tab	DS4
231183	HIP13932/HIP13932_novel.tab	DS4
144256	HIP13933/HIP13933_novel.tab	DS4
193668	HIP13935/HIP13935_novel.tab	DS4
132998	HIP13938/HIP13938_novel.tab	DS4
265259	HIP13939/HIP13939_novel.tab	DS4
297930	HIP13941/HIP13941_novel.tab	DS4
38244	HIP13944/HIP13944_novel.tab	DS4
84332	HIP13945/HIP13945_novel.tab	DS4
197116	HIP13947/HIP13947_novel.tab	DS4
179075	HIP13949/HIP13949_novel.tab	DS4
405465	HIP13951/HIP13951_novel.tab	DS4
337073	HIP13954/HIP13954_novel.tab	DS4
234954	HIP13956/HIP13956_novel.tab	DS4
302845	HIP13958/HIP13958_novel.tab	DS4
163347	HIP13961/HIP13961_novel.tab	DS4
68084	HIP13962/HIP13962_novel.tab	DS4
271607	HIP13964/HIP13964_novel.tab	DS4
257324	HIP13966/HIP13966_novel.tab	DS4
219298	HIP13967/HIP13967_novel.tab	DS4
119322	HIP13972/HIP13972_novel.tab	DS4
359988	HIP13975/HIP13975_novel.tab	DS4
157763	HIP13976/HIP13976_novel.tab	DS4
272183	HIP13978/HIP13978_novel.tab	DS4
210352	HIP13981/HIP13981_novel.tab	DS4
225385	HIP13983/HIP13983_novel.tab	DS4
210082	HIP13986/HIP13986_novel.tab	DS4
263455	HIP13987/HIP13987_novel.tab	DS4
135662	HIP13988/HIP13988_novel.tab	DS4
147582	HIP13989/HIP13989_novel.tab	DS4
104245	HIP13992/HIP13992_novel.tab	DS4
195432	HIP13994/HIP13994_novel.tab	DS4
264203	HIP13996/HIP13996_novel.tab	DS4
575347	HIP14000/HIP14000_novel.tab	DS4
257556	HIP14004/HIP14004_novel.tab	DS4
73114	HIP14007/HIP14007_novel.tab	DS4
194978	HIP14009/HIP14009_novel.tab	DS4
281740	HIP14014/HIP14014_novel.tab	DS4
168057	HIP14015/HIP14015_novel.tab	DS4
251182	HIP14016/HIP14016_novel.tab	DS4
287842	HIP14018/HIP14018_novel.tab	DS4
215899	HIP14020/HIP14020_novel.tab	DS4
380377	HIP14022/HIP14022_novel.tab	DS4
60489	HIP14024/HIP14024_novel.tab	DS4
138611	HIP14028/HIP14028_novel.tab	DS4
219496	HIP14030/HIP14030_novel.tab	DS4
320846	HIP14034/HIP14034_novel.tab	DS4
250845	HIP14036/HIP14036_novel.tab	DS4
218836	HIP14037/HIP14037_novel.tab	DS4
191750	HIP14039/HIP14039_novel.tab	DS4
396643	HIP14041/HIP14041_novel.tab	DS4
264324	HIP14043/HIP14043_novel.tab	DS4
224652	HIP14045/HIP14045_novel.tab	DS4
276461	HIP14048/HIP14048_novel.tab	DS4
237560	HIP14051/HIP14051_novel.tab	DS4
398557	HIP14053/HIP14053_novel.tab	DS4
211169	HIP14055/HIP14055_novel.tab	DS4
334607	HIP14059/HIP14059_novel.tab	DS4
160247	HIP14060/HIP14060_novel.tab	DS4
308349	HIP14064/HIP14064_novel.tab	DS4
172212	HIP14066/HIP14066_novel.tab	DS4
106874	HIP14071/HIP14071_novel.tab	DS4
139517	HIP14072/HIP14072_novel.tab	DS4
388031	HIP14074/HIP14074_novel.tab	DS4
271580	HIP14077/HIP14077_novel.tab	DS4
393798	HIP14079/HIP14079_novel.tab	DS4
98402	HIP14080/HIP14080_novel.tab	DS4
231113	HIP14089/HIP14089_novel.tab	DS4
112280	HIP14090/HIP14090_novel.tab	DS4
246056	HIP14092/HIP14092_novel.tab	DS4
348216	HIP14095/HIP14095_novel.tab	DS4
153445	HIP14096/HIP14096_novel.tab	DS4
268811	HIP14103/HIP14103_novel.tab	DS4
12746	HIP14106/HIP14106_novel.tab	DS4
88913	HIP14107/HIP14107_novel.tab	DS4
385567	HIP14109/HIP14109_novel.tab	DS4
17612	HIP14110/HIP14110_novel.tab	DS4
109802	HIP14114/HIP14114_novel.tab	DS4
380560	HIP14118/HIP14118_novel.tab	DS4
256406	HIP14121/HIP14121_novel.tab	DS4
361072	HIP14124/HIP14124_novel.tab	DS4
185366	HIP14127/HIP14127_novel.tab	DS4
358036	HIP14129/HIP14129_novel.tab	DS4
269859	HIP14130/HIP14130_novel.tab	DS4
200223	HIP14134/HIP14134_novel.tab	DS4
245374	HIP14136/HIP14136_novel.tab	DS4
248071	HIP14138/HIP14138_novel.tab	DS4
201766	HIP14140/HIP14140_novel.tab	DS4
211285	HIP14142/HIP14142_novel.tab	DS4
82290	HIP14143/HIP14143_novel.tab	DS4
237326	HIP14148/HIP14148_novel.tab	DS4
80911	HIP14152/HIP14152_novel.tab	DS4
263281	HIP14153/HIP14153_novel.tab	DS4
137924	HIP14156/HIP14156_novel.tab	DS4
309972	HIP14157/HIP14157_novel.tab	DS4
194284	HIP14160/HIP14160_novel.tab	DS4
297929	HIP14161/HIP14161_novel.tab	DS4
103438	HIP14170/HIP14170_novel.tab	DS4
309948	HIP14172/HIP14172_novel.tab	DS4
355327	HIP14174/HIP14174_novel.tab	DS4
332022	HIP14175/HIP14175_novel.tab	DS4
185862	HIP14176/HIP14176_novel.tab	DS4
186588	HIP14178/HIP14178_novel.tab	DS4
319827	HIP14181/HIP14181_novel.tab	DS4
76989	HIP14183/HIP14183_novel.tab	DS4
155058	HIP14184/HIP14184_novel.tab	DS4
235000	HIP14187/HIP14187_novel.tab	DS4
331862	HIP14192/HIP14192_novel.tab	DS4
494003	HIP14194/HIP14194_novel.tab	DS4
178724	HIP14196/HIP14196_novel.tab	DS4
177327	HIP14202/HIP14202_novel.tab	DS4
219932	HIP14205/HIP14205_novel.tab	DS4
306875	HIP14206/HIP14206_novel.tab	DS4
172849	HIP14209/HIP14209_novel.tab	DS4
233919	HIP14211/HIP14211_novel.tab	DS4
258936	HIP14213/HIP14213_novel.tab	DS4
276896	HIP14214/HIP14214_novel.tab	DS4
295121	HIP14217/HIP14217_novel.tab	DS4
338108	HIP14218/HIP14218_novel.tab	DS4
253289	HIP14221/HIP14221_novel.tab	DS4
146845	HIP14223/HIP14223_novel.tab	DS4
189941	HIP14226/HIP14226_novel.tab	DS4
336438	HIP14227/HIP14227_novel.tab	DS4
204385	HIP14230/HIP14230_novel.tab	DS4
260247	HIP14231/HIP14231_novel.tab	DS4
191643	HIP14234/HIP14234_novel.tab	DS4
128475	HIP14236/HIP14236_novel.tab	DS4
112862	HIP14237/HIP14237_novel.tab	DS4
346583	HIP14238/HIP14238_novel.tab	DS4
305980	HIP14240/HIP14240_novel.tab	DS4
160093	HIP14241/HIP14241_novel.tab	DS4
346770	HIP14243/HIP14243_novel.tab	DS4
181622	HIP14244/HIP14244_novel.tab	DS4
154244	HIP14361/HIP14361_novel.tab	DS4
282157	HIP14363/HIP14363_novel.tab	DS4
455406	HIP14494/HIP14494_novel.tab	DS4
111476	HIP14844/HIP14844_novel.tab	DS4
241406	HIP14911/HIP14911_novel.tab	DS4
172688	HIP15685/HIP15685_novel.tab	DS4
337565	HIP15854/HIP15854_novel.tab	DS4
336721	HIP15855/HIP15855_novel.tab	DS4
86954	HIP15860/HIP15860_novel.tab	DS4
164844	HIP15861/HIP15861_novel.tab	DS4
228193	HIP16515/HIP16515_novel.tab	DS4
275485	HIP16738/HIP16738_novel.tab	DS4
385272	HIP16867/HIP16867_novel.tab	DS4
69135	HIP17370/HIP17370_novel.tab	DS4
353387	HIP17440/HIP17440_novel.tab	DS4
331471	HIP17445/HIP17445_novel.tab	DS4
293759	HIP17449/HIP17449_novel.tab	DS4
287273	HIP17454/HIP17454_novel.tab	DS4
333511	HIP17457/HIP17457_novel.tab	DS4
263073	HIP17462/HIP17462_novel.tab	DS4
334438	HIP17534/HIP17534_novel.tab	DS4
277917	HIP17577/HIP17577_novel.tab	DS4
375426	HIP17585/HIP17585_novel.tab	DS4
234329	HIP17657/HIP17657_novel.tab	DS4
251773	HIP17698/HIP17698_novel.tab	DS4
247727	HIP17723/HIP17723_novel.tab	DS4
133573	HIP17737/HIP17737_novel.tab	DS4
228860	HIP17760/HIP17760_novel.tab	DS4
274790	HIP17793/HIP17793_novel.tab	DS4
270570	HIP17837/HIP17837_novel.tab	DS4
257451	HIP17845/HIP17845_novel.tab	DS4
231319	HIP17887/HIP17887_novel.tab	DS4
66285	HIP19048/HIP19048_novel.tab	DS4
74746	HIP19089/HIP19089_novel.tab	DS4
125894	HIP19716/HIP19716_novel.tab	DS4
335991	HIP19717/HIP19717_novel.tab	DS4
130352	Keck0001_MC1/Keck0001_MC1_novel.tab	DS4
112012	Keck0002_MC1/Keck0002_MC1_novel.tab	DS4
232474	Keck0003_MC1/Keck0003_MC1_novel.tab	DS4
151958	Keck0004_MC1/Keck0004_MC1_novel.tab	DS4
172909	Keck0005_MC1/Keck0005_MC1_novel.tab	DS4
165152	Keck0006_MC1/Keck0006_MC1_novel.tab	DS4
117320	Keck0007_MC1/Keck0007_MC1_novel.tab	DS4
172690	Keck0008_MC1/Keck0008_MC1_novel.tab	DS4
154017	Keck0009_MC1/Keck0009_MC1_novel.tab	DS4
145922	Keck0010_MC1/Keck0010_MC1_novel.tab	DS4
119400	Keck0011_MC1/Keck0011_MC1_novel.tab	DS4
115887	Keck0012_MC1/Keck0012_MC1_novel.tab	DS4
272287	Keck0013_MC1/Keck0013_MC1_novel.tab	DS4
150621	Keck0014_MC1/Keck0014_MC1_novel.tab	DS4
143003	Keck0015_MC1/Keck0015_MC1_novel.tab	DS4
144863	Keck0016_MC1/Keck0016_MC1_novel.tab	DS4
129246	Keck0017_MC1/Keck0017_MC1_novel.tab	DS4
127585	Keck0018_MC1/Keck0018_MC1_novel.tab	DS4
169405	Keck0019_MC1/Keck0019_MC1_novel.tab	DS4
84810	Keck0020_MC1/Keck0020_MC1_novel.tab	DS4
334692	Keck0021_MC1/Keck0021_MC1_novel.tab	DS4
133095	Keck0022_MC1/Keck0022_MC1_novel.tab	DS4
129685	Keck0023_MC1/Keck0023_MC1_novel.tab	DS4
86227	Keck0024_MC1/Keck0024_MC1_novel.tab	DS4
128057	Keck0025_MC1/Keck0025_MC1_novel.tab	DS4
97807	Keck0026_MC1/Keck0026_MC1_novel.tab	DS4
75037	Keck0027_MC1/Keck0027_MC1_novel.tab	DS4
116697	Keck0028_MC1/Keck0028_MC1_novel.tab	DS4
145763	Keck0029_MC1/Keck0029_MC1_novel.tab	DS4
144305	Keck0030_MC1/Keck0030_MC1_novel.tab	DS4
219651	Keck0031_MC1/Keck0031_MC1_novel.tab	DS4
149042	Keck0032_MC1/Keck0032_MC1_novel.tab	DS4
141850	Keck0033_MC1/Keck0033_MC1_novel.tab	DS4
210986	Keck0034_MC1/Keck0034_MC1_novel.tab	DS4
126166	Keck0035_MC1/Keck0035_MC1_novel.tab	DS4
121883	Keck0036_MC1/Keck0036_MC1_novel.tab	DS4
239673	Keck0037_MC1/Keck0037_MC1_novel.tab	DS4
141028	Keck0038_MC1/Keck0038_MC1_novel.tab	DS4
99260	Keck0039_MC1/Keck0039_MC1_novel.tab	DS4
187919	Keck0040_MC1/Keck0040_MC1_novel.tab	DS4
107602	Keck0041_MC1/Keck0041_MC1_novel.tab	DS4
118358	Keck0042_MC1/Keck0042_MC1_novel.tab	DS4
108117	Keck0043_MC1/Keck0043_MC1_novel.tab	DS4
147076	Keck0044_MC1/Keck0044_MC1_novel.tab	DS4
119265	Keck0045_MC1/Keck0045_MC1_novel.tab	DS4
126933	Keck0046_MC1/Keck0046_MC1_novel.tab	DS4
156970	Keck0047_MC1/Keck0047_MC1_novel.tab	DS4
166394	Keck0048_MC1/Keck0048_MC1_novel.tab	DS4
249877	Keck0049_MC1/Keck0049_MC1_novel.tab	DS4
128914	Keck0050_MC1/Keck0050_MC1_novel.tab	DS4
96703	Keck0051_MC1/Keck0051_MC1_novel.tab	DS4
43381	Keck0052_MC1/Keck0052_MC1_novel.tab	DS4
148807	Keck0053_MC1/Keck0053_MC1_novel.tab	DS4
233708	Keck0054_MC1/Keck0054_MC1_novel.tab	DS4
342186	Keck0055_MC1/Keck0055_MC1_novel.tab	DS4
250693	Keck0056_MC1/Keck0056_MC1_novel.tab	DS4
278898	Keck0057_MC1/Keck0057_MC1_novel.tab	DS4
227686	Keck0058_MC1/Keck0058_MC1_novel.tab	DS4
276723	Keck0059_MC1/Keck0059_MC1_novel.tab	DS4
233824	Keck0060_MC1/Keck0060_MC1_novel.tab	DS4
232560	Keck0061_MC1/Keck0061_MC1_novel.tab	DS4
275404	Keck0062_MC1/Keck0062_MC1_novel.tab	DS4
134392	Keck0063_MC1/Keck0063_MC1_novel.tab	DS4
235835	Keck0064_MC1/Keck0064_MC1_novel.tab	DS4
212823	Keck0065_MC1/Keck0065_MC1_novel.tab	DS4
153218	Keck0066_MC1/Keck0066_MC1_novel.tab	DS4
183249	Keck0067_MC1/Keck0067_MC1_novel.tab	DS4
279765	Keck0068_MC1/Keck0068_MC1_novel.tab	DS4
715232	Keck0069_MC1/Keck0069_MC1_novel.tab	DS4
683320	Keck0070_MC1/Keck0070_MC1_novel.tab	DS4
386299	Keck0071_MC1/Keck0071_MC1_novel.tab	DS4
298644	Keck0072_MC1/Keck0072_MC1_novel.tab	DS4
325560	Keck0073_MC1/Keck0073_MC1_novel.tab	DS4
275006	Keck0074_MC1/Keck0074_MC1_novel.tab	DS4
224706	Keck0075_MC1/Keck0075_MC1_novel.tab	DS4
348815	Keck0076_MC1/Keck0076_MC1_novel.tab	DS4
325583	Keck0077_MC1/Keck0077_MC1_novel.tab	DS4
269670	Keck0078_MC1/Keck0078_MC1_novel.tab	DS4
247470	Keck0079_MC1/Keck0079_MC1_novel.tab	DS4
533502	Keck0080_MC1/Keck0080_MC1_novel.tab	DS4
340178	Keck0081_MC1/Keck0081_MC1_novel.tab	DS4
391954	Keck0082_MC1/Keck0082_MC1_novel.tab	DS4
423362	Keck0083_MC1/Keck0083_MC1_novel.tab	DS4
332568	Keck0084_MC1/Keck0084_MC1_novel.tab	DS4
254321	Keck0085_MC1/Keck0085_MC1_novel.tab	DS4
251108	Keck0086_MC1/Keck0086_MC1_novel.tab	DS4
328688	Keck0087_MC1/Keck0087_MC1_novel.tab	DS4
311742	Keck0088_MC1/Keck0088_MC1_novel.tab	DS4
270282	Keck0089_MC1/Keck0089_MC1_novel.tab	DS4
275885	Keck0090_MC1/Keck0090_MC1_novel.tab	DS4
280356	Keck0091_MC1/Keck0091_MC1_novel.tab	DS4
357312	Keck0092_MC1/Keck0092_MC1_novel.tab	DS4
568855	Keck0093_MC1/Keck0093_MC1_novel.tab	DS4
520594	Keck0094_MC1/Keck0094_MC1_novel.tab	DS4
627296	Keck0095_MC1/Keck0095_MC1_novel.tab	DS4
403745	Keck0096_MC1/Keck0096_MC1_novel.tab	DS4
449616	Keck0097_MC1/Keck0097_MC1_novel.tab	DS4
255305	Keck0098_MC1/Keck0098_MC1_novel.tab	DS4
329888	Keck0099_MC1/Keck0099_MC1_novel.tab	DS4
221809	Keck0100_MC1/Keck0100_MC1_novel.tab	DS4
396943	Keck0101_MC1/Keck0101_MC1_novel.tab	DS4
258657	Keck0102_MC1/Keck0102_MC1_novel.tab	DS4
201987	Keck0103_MC1/Keck0103_MC1_novel.tab	DS4
477671	Keck0104_MC1/Keck0104_MC1_novel.tab	DS4
362161	Keck0105_MC1/Keck0105_MC1_novel.tab	DS4
271161	Keck0106_MC1/Keck0106_MC1_novel.tab	DS4
323375	Keck0107_MC1/Keck0107_MC1_novel.tab	DS4
181686	Keck0108_MC1/Keck0108_MC1_novel.tab	DS4
204776	Keck0109_MC1/Keck0109_MC1_novel.tab	DS4
240517	Keck0110_MC1/Keck0110_MC1_novel.tab	DS4
298579	Keck0111_MC1/Keck0111_MC1_novel.tab	DS4
229353	Keck0112_MC1/Keck0112_MC1_novel.tab	DS4
570043	Keck0113_MC1/Keck0113_MC1_novel.tab	DS4
507652	Keck0114_MC1/Keck0114_MC1_novel.tab	DS4
318660	Keck0115_MC1/Keck0115_MC1_novel.tab	DS4
436974	Keck0116_MC1/Keck0116_MC1_novel.tab	DS4
328860	Keck0117_MC1/Keck0117_MC1_novel.tab	DS4
395632	Keck0118_MC1/Keck0118_MC1_novel.tab	DS4
419501	Keck0119_MC1/Keck0119_MC1_novel.tab	DS4
394716	Keck0120_MC1/Keck0120_MC1_novel.tab	DS4
2163	C141/C141_novel.tab	DS2
2155	C142/C142_novel.tab	DS2
3957	C143/C143_novel.tab	DS2
7891	Parent_SC5/Parent_SC5_novel.tab	DS2
160352	donor1/donor1_novel.tab	DS2
256046	donor2/donor2_novel.tab	DS2
372231	donor3/donor3_novel.tab	DS2
270082	donor4/donor4_novel.tab	DS2
7140	nsclc/nsclc_novel.tab	DS2
10255	pbmc2/pbmc2_novel.tab	DS2
10821	pbmc3/pbmc3_novel.tab	DS2
3015	sc5p/sc5p_novel.tab	DS2
2446	ERS1/ERS1_novel.tab	DS2
3437	ERS2/ERS2_novel.tab	DS2
2074	ERS3/ERS3_novel.tab	DS2
5948	ERS4/ERS4_novel.tab	DS2
2221	ERS5/ERS5_novel.tab	DS2
13493	Healthy_Control_1/Healthy_Control_1_novel.tab	DS2
8940	Healthy_Control_2/Healthy_Control_2_novel.tab	DS2
12352	Healthy_Control_3/Healthy_Control_3_novel.tab	DS2
5561	Healthy_Control_4/Healthy_Control_4_novel.tab	DS2
13162	Healthy_Control_5/Healthy_Control_5_novel.tab	DS2
6353	LRS2/LRS2_novel.tab	DS2
5221	LRS3/LRS3_novel.tab	DS2
3531	LRS4/LRS4_novel.tab	DS2
7516	LRS5/LRS5_novel.tab	DS2
